FirstName,LastName,Email
John,Nguyen,john.nguyen@gmail.com
Emily,Tran,emily.tran@outlook.com
Michael,Pham,michael.pham@icloud.com
Sarah,Le,sarah.le@yahoo.com
David,Hoang,david.hoang@gmail.com
Olivia,Vo,olivia.vo@icloud.com
Daniel,Do,daniel.do@outlook.com
Sophia,Nguyen,sophia.nguyen@gmail.com
Ethan,Pham,ethan.pham@yahoo.com
Ava,Tran,ava.tran@icloud.com
Noah,Smith,noah.smith@gmail.com
Isabella,Johnson,isabella.johnson@outlook.com
Liam,Williams,liam.williams@icloud.com
Mia,Brown,mia.brown@yahoo.com
James,Jones,james.jones@gmail.com
Charlotte,Miller,charlotte.miller@icloud.com
Benjamin,Davis,benjamin.davis@outlook.com
Amelia,Garcia,amelia.garcia@gmail.com
Lucas,Martinez,lucas.martinez@yahoo.com
Harper,Rodriguez,harper.rodriguez@icloud.com
Henry,Wilson,henry.wilson@gmail.com
Evelyn,Anderson,evelyn.anderson@outlook.com
Alexander,Taylor,alexander.taylor@gmail.com
Ella,Thomas,ella.thomas@yahoo.com
William,Moore,william.moore@icloud.com
Grace,Martin,grace.martin@gmail.com
Samuel,Lee,samuel.lee@outlook.com
Victoria,Clark,victoria.clark@yahoo.com
Matthew,Lewis,matthew.lewis@gmail.com
Hannah,Walker,hannah.walker@icloud.com
Christopher,Hall,christopher.hall@gmail.com
Natalie,Allen,natalie.allen@yahoo.com
Andrew,Young,andrew.young@outlook.com
Lily,Hernandez,lily.hernandez@gmail.com
Joseph,King,joseph.king@icloud.com
Zoe,Wright,zoe.wright@yahoo.com
Gabriel,Lopez,gabriel.lopez@gmail.com
Aria,Hill,aria.hill@outlook.com
Anthony,Scott,anthony.scott@gmail.com
Chloe,Green,chloe.green@yahoo.com
Jonathan,Adams,jonathan.adams@icloud.com
Nora,Baker,nora.baker@gmail.com
Ryan,Gonzalez,ryan.gonzalez@outlook.com
Layla,Nelson,layla.nelson@yahoo.com
Dylan,Carter,dylan.carter@gmail.com
Penelope,Mitchell,penelope.mitchell@icloud.com
Isaac,Perez,isaac.perez@gmail.com
Riley,Roberts,riley.roberts@yahoo.com
Nathan,Turner,nathan.turner@outlook.com
Aubrey,Phillips,aubrey.phillips@gmail.com
Christian,Campbell,christian.campbell@icloud.com
Stella,Parker,stella.parker@yahoo.com
Joshua,Evans,joshua.evans@gmail.com
Ellie,Edwards,ellie.edwards@outlook.com
Julian,Collins,julian.collins@gmail.com
Hazel,Stewart,hazel.stewart@yahoo.com
Leo,Sanchez,leo.sanchez@icloud.com
Violet,Morris,violet.morris@gmail.com
Aaron,Rogers,aaron.rogers@outlook.com
Aurora,Reed,aurora.reed@yahoo.com
Carter,Cook,carter.cook@gmail.com
Savannah,Bell,savannah.bell@icloud.com
Owen,Murphy,owen.murphy@gmail.com
Brooklyn,Bailey,brooklyn.bailey@yahoo.com
Wyatt,Rivera,wyatt.rivera@outlook.com
Paisley,Cooper,paisley.cooper@gmail.com
Jack,Richardson,jack.richardson@icloud.com
Skylar,Cox,skylar.cox@yahoo.com
Hunter,Howard,hunter.howard@gmail.com
Lucy,Ward,lucy.ward@outlook.com
Eli,Torres,eli.torres@gmail.com
Madison,Peterson,madison.peterson@yahoo.com
Caleb,Gray,caleb.gray@icloud.com
Aaliyah,Ramirez,aaliyah.ramirez@gmail.com
Connor,James,connor.james@outlook.com
Elena,Watson,elena.watson@yahoo.com
Isaiah,Brooks,isaiah.brooks@gmail.com
Maya,Kelly,maya.kelly@icloud.com
Thomas,Sanders,thomas.sanders@gmail.com
Leah,Price,leah.price@yahoo.com
Charles,Bennett,charles.bennett@outlook.com
Audrey,Wood,audrey.wood@gmail.com
Sebastian,Barnes,sebastian.barnes@icloud.com
Claire,Ross,claire.ross@yahoo.com
Adam,Henderson,adam.henderson@gmail.com
Ruby,Cole,ruby.cole@outlook.com
Jason,Jenkins,jason.jenkins@gmail.com
Alice,Perry,alice.perry@yahoo.com
Miles,Powell,miles.powell@icloud.com
Eva,Long,eva.long@gmail.com
Brandon,Patterson,brandon.patterson@outlook.com
Naomi,Hughes,naomi.hughes@yahoo.com
Kevin,Flores,kevin.flores@gmail.com
Luna,Washington,luna.washington@icloud.com
Matthew,Ellis,matthew.ellis@gmail.com
John,Doe,john.dow@outlook.com
Maria,Chen,maria.chen@gmail.com
Paul,Gay,paul.gay@yahoo.com
Joseph,Gurerro,joseph.gurerro@gmail.com
Elly,Tran,elly.tran@gmail.com
